id,name,ref,date,journal_id,partner_id,move_type,state,amount_total,amount_untaxed,currency_id,l10n_mx_edi_cfdi_uuid
335,False,False,2026-07-02,"[9, 'Sales']",False,out_invoice,draft,0.0,0.0,"[1, 'USD']",False
321,False,False,2026-07-02,"[11, 'Miscellaneous Operations']",False,entry,draft,0.0,0.0,"[33, 'MXN']",False
318,False,False,2026-07-02,"[9, 'Sales']","[982, 'ARCA WORLD WIDE INC.']",out_invoice,draft,0.0,0.0,"[33, 'MXN']",False
330,PBNK1/2026/00035,GASTO PRUEBA,2026-07-02,"[14, 'BBVA CTA.7934 MX']",False,entry,posted,1035.71,0.0,"[33, 'MXN']",False
325,INV/2026/00040,False,2026-07-02,"[9, 'Sales']","[46, 'Carlos Solana']",out_invoice,posted,1.16,1.0,"[33, 'MXN']",F55D734F-12A5-44F0-98F3-37376C9DA296
323,COSTO DE MEXICO1,False,2026-07-02,"[11, 'Miscellaneous Operations']",False,entry,posted,1000.0,0.0,"[33, 'MXN']",False
331,CBMX/2026/07/0004,Reversión de: CBMX/2026/07/0001,2026-07-02,"[16, 'Effectively Paid']",False,entry,posted,17876.72,0.0,"[33, 'MXN']",False
319,CBMX/2026/07/0003,Reversión de: CBMX/2026/07/0002,2026-07-02,"[16, 'Effectively Paid']",False,entry,posted,25000.0,0.0,"[33, 'MXN']",False
320,CAMBI/2026/07/0002,Reversión de: CAMBI/2026/07/0001,2026-07-02,"[12, 'Exchange Difference']",False,entry,posted,0.0,0.0,"[33, 'MXN']",False
324,ANT/2026/00003,False,2026-07-02,"[38, 'ANTICIPOS']","[982, 'ARCA WORLD WIDE INC.']",out_invoice,posted,25000.0,25000.0,"[1, 'USD']",False
311,False,False,2026-07-01,"[11, 'Miscellaneous Operations']",False,entry,draft,0.0,0.0,"[33, 'MXN']",False
310,False,False,2026-07-01,"[11, 'Miscellaneous Operations']",False,entry,draft,0.0,0.0,"[33, 'MXN']",False
309,False,False,2026-07-01,"[11, 'Miscellaneous Operations']",False,entry,draft,0.0,0.0,"[33, 'MXN']",False
308,False,False,2026-07-01,"[11, 'Miscellaneous Operations']",False,entry,draft,0.0,0.0,"[33, 'MXN']",False
307,False,False,2026-07-01,"[10, 'Purchases']","[5922, 'Julia Rivera Gutierrez']",in_invoice,draft,0.0,0.0,"[33, 'MXN']",False
334,PBNK1/2026/00037,GASTO DE MTTO,2026-07-01,"[14, 'BBVA CTA.7934 MX']","[99, 'Brenda Jaqueline Blanco Vasquez']",entry,posted,5063.29,0.0,"[1, 'USD']",False
333,PBNK1/2026/00036,GASTO DE MTTO,2026-07-01,"[14, 'BBVA CTA.7934 MX']","[99, 'Brenda Jaqueline Blanco Vasquez']",entry,posted,18103.01,0.0,"[33, 'MXN']",False
305,PBNK1/2026/00034,Gasto de mantenimiento,2026-07-01,"[14, 'BBVA CTA.7934 MX']","[60, 'Cristhian Daniel Vasquez Gutierrez']",entry,posted,25000.0,0.0,"[33, 'MXN']",False
302,PBNK1/2026/00033,GASTO DE MTTO,2026-07-01,"[14, 'BBVA CTA.7934 MX']","[60, 'Cristhian Daniel Vasquez Gutierrez']",entry,posted,17876.72,0.0,"[33, 'MXN']",False
317,INV/2026/00039,S00050,2026-07-01,"[9, 'Sales']","[982, 'ARCA WORLD WIDE INC.']",out_invoice,draft,1810.35,1810.35,"[1, 'USD']",False
304,FACTU/2026/07/0007,Gasto de mantenimiento,2026-07-01,"[10, 'Purchases']","[60, 'Cristhian Daniel Vasquez Gutierrez']",in_receipt,posted,25000.0,25000.0,"[33, 'MXN']",False
295,FACTU/2026/07/0006,GASTO DE MTTO,2026-07-01,"[10, 'Purchases']","[60, 'Cristhian Daniel Vasquez Gutierrez']",in_receipt,cancel,17876.72,17656.02,"[33, 'MXN']",False
294,FACTU/2026/07/0005,GASTO DE MTTO,2026-07-01,"[10, 'Purchases']","[60, 'Cristhian Daniel Vasquez Gutierrez']",in_receipt,cancel,17876.72,17656.02,"[33, 'MXN']",False
293,FACTU/2026/07/0004,GASTO DE MTTO,2026-07-01,"[10, 'Purchases']","[60, 'Cristhian Daniel Vasquez Gutierrez']",in_receipt,cancel,17876.72,17656.02,"[33, 'MXN']",False
292,FACTU/2026/07/0003,GASTO DE MTTO,2026-07-01,"[10, 'Purchases']","[60, 'Cristhian Daniel Vasquez Gutierrez']",in_receipt,cancel,116.0,100.0,"[33, 'MXN']",False
291,FACTU/2026/07/0002,GASTO DE MTTO,2026-07-01,"[10, 'Purchases']","[60, 'Cristhian Daniel Vasquez Gutierrez']",in_receipt,cancel,100.0,86.21,"[33, 'MXN']",False
290,FACTU/2026/07/0001,GASTO DE MTTO,2026-07-01,"[10, 'Purchases']","[60, 'Cristhian Daniel Vasquez Gutierrez']",in_receipt,cancel,97.44,84.0,"[33, 'MXN']",False
316,CBMX/2026/07/0002,ANT/2026/00002,2026-07-01,"[16, 'Effectively Paid']",False,entry,posted,25000.0,0.0,"[33, 'MXN']",False
303,CBMX/2026/07/0001,FACTU/2026/06/0007,2026-07-01,"[16, 'Effectively Paid']",False,entry,posted,17876.72,0.0,"[33, 'MXN']",False
315,CAMBI/2026/07/0001,False,2026-07-01,"[12, 'Exchange Difference']",False,entry,posted,0.0,0.0,"[33, 'MXN']",False
313,ANT/2026/00002,False,2026-07-01,"[38, 'ANTICIPOS']","[982, 'ARCA WORLD WIDE INC.']",out_invoice,posted,25000.0,25000.0,"[1, 'USD']",887737E8-A78A-4B4F-8805-98057BDBDBAA
289,False,False,2026-06-30,"[11, 'Miscellaneous Operations']",False,entry,draft,0.0,0.0,"[33, 'MXN']",False
281,False,False,2026-06-30,"[9, 'Sales']",False,out_invoice,draft,0.0,0.0,"[1, 'USD']",False
279,False,False,2026-06-30,"[9, 'Sales']",False,out_invoice,draft,0.0,0.0,"[1, 'USD']",False
278,False,False,2026-06-30,"[11, 'Miscellaneous Operations']",False,entry,draft,0.0,0.0,"[33, 'MXN']",False
285,PBNK6/2026/00001,FACTU/2026/06/0006,2026-06-30,"[23, 'BBVA CTA.7713 USD (USD)']","[96, 'Abrasivos Sola Mex, S.A. de C.V.']",entry,posted,5000.0,0.0,"[1, 'USD']",False
282,INV/2026/00038,False,2026-06-30,"[9, 'Sales']","[1099, 'MARMOLES PUENTE S DE RL DE CV']",out_invoice,posted,290000.0,250000.0,"[1, 'USD']",False
284,FACTU/2026/06/0006,False,2026-06-30,"[10, 'Purchases']","[96, 'Abrasivos Sola Mex, S.A. de C.V.']",in_invoice,posted,11600.0,10000.0,"[1, 'USD']",False
280,FACTU/2026/06/0005,False,2026-06-30,"[10, 'Purchases']","[96, 'Abrasivos Sola Mex, S.A. de C.V.']",in_invoice,draft,0.0,0.0,"[1, 'USD']",False
287,CBMX/2026/06/0011,FACTU/2026/06/0006,2026-06-30,"[16, 'Effectively Paid']",False,entry,posted,5000.0,0.0,"[33, 'MXN']",False
288,CAMBI/2026/06/0002,False,2026-06-30,"[12, 'Exchange Difference']",False,entry,posted,0.0,0.0,"[33, 'MXN']",False
286,CAMBI/2026/06/0001,False,2026-06-30,"[12, 'Exchange Difference']",False,entry,posted,0.0,0.0,"[33, 'MXN']",False
283,BILL1/2026/06/0005,False,2026-06-30,"[91, 'GASTOS']","[96, 'Abrasivos Sola Mex, S.A. de C.V.']",in_invoice,posted,1450.0,1250.0,"[1, 'USD']",False
277,False,False,2026-06-29,"[10, 'Purchases']",False,in_refund,draft,0.0,0.0,"[125, 'EUR']",False
276,False,False,2026-06-29,"[10, 'Purchases']",False,in_invoice,draft,0.0,0.0,"[1, 'USD']",False
275,False,False,2026-06-29,"[9, 'Sales']",False,out_invoice,draft,0.0,0.0,"[1, 'USD']",False
274,False,False,2026-06-29,"[11, 'Miscellaneous Operations']",False,entry,draft,0.0,0.0,"[33, 'MXN']",False
273,False,False,2026-06-26,"[11, 'Miscellaneous Operations']",False,entry,draft,0.0,0.0,"[33, 'MXN']",False
272,False,False,2026-06-26,"[9, 'Sales']","[1099, 'MARMOLES PUENTE S DE RL DE CV']",out_invoice,draft,58000.0,50000.0,"[33, 'MXN']",False
271,False,S00045,2026-06-25,"[9, 'Sales']","[1099, 'MARMOLES PUENTE S DE RL DE CV']",out_invoice,draft,580.0,500.0,"[33, 'MXN']",False
269,PBNK1/2026/00032,INV/2026/00037,2026-06-25,"[14, 'BBVA CTA.7934 MX']","[1099, 'MARMOLES PUENTE S DE RL DE CV']",entry,posted,580.0,0.0,"[33, 'MXN']",False
268,INV/2026/00037,S00045,2026-06-25,"[9, 'Sales']","[1099, 'MARMOLES PUENTE S DE RL DE CV']",out_invoice,posted,580.0,500.0,"[33, 'MXN']",False
270,CBMX/2026/06/0010,INV/2026/00037,2026-06-25,"[16, 'Effectively Paid']",False,entry,posted,580.0,0.0,"[33, 'MXN']",False
267,PBNK1/2026/00031,[1 AMB] Ambiental TMM1,2026-06-23,"[14, 'BBVA CTA.7934 MX']","[1546, 'ALBERTO MUÑIZ (TMM), ALBERTO MUÑIZ']",entry,posted,150000.0,0.0,"[33, 'MXN']",False
259,False,S00041,2026-06-12,"[9, 'Sales']","[1099, 'MARMOLES PUENTE S DE RL DE CV']",out_invoice,draft,5000.0,4310.34,"[33, 'MXN']",False
262,PBNK1/2026/00030,INV/2026/00036,2026-06-12,"[14, 'BBVA CTA.7934 MX']","[1099, 'MARMOLES PUENTE S DE RL DE CV']",entry,posted,116000.0,0.0,"[33, 'MXN']",False
256,PBNK1/2026/00029,False,2026-06-12,"[14, 'BBVA CTA.7934 MX']","[96, 'Abrasivos Sola Mex, S.A. de C.V.']",entry,posted,240000.0,0.0,"[33, 'MXN']",False
254,PBNK1/2026/00028,INV/2026/00035,2026-06-12,"[14, 'BBVA CTA.7934 MX']","[1008, 'CENTRAL DE PETREOS, S DE RL']",entry,posted,324800.0,0.0,"[33, 'MXN']",False
250,PBNK1/2026/00027,INV/2026/00033,2026-06-12,"[14, 'BBVA CTA.7934 MX']","[1008, 'CENTRAL DE PETREOS, S DE RL']",entry,posted,174000.0,0.0,"[33, 'MXN']",False
261,INV/2026/00036,False,2026-06-12,"[9, 'Sales']","[1099, 'MARMOLES PUENTE S DE RL DE CV']",out_invoice,draft,116000.0,100000.0,"[33, 'MXN']",False
253,INV/2026/00035,S00040,2026-06-12,"[9, 'Sales']","[1008, 'CENTRAL DE PETREOS, S DE RL']",out_invoice,posted,324800.0,280000.0,"[33, 'MXN']",494382F4-22A0-4676-AA38-DBAC35587A43
252,INV/2026/00034,S00039,2026-06-12,"[9, 'Sales']","[1008, 'CENTRAL DE PETREOS, S DE RL']",out_invoice,posted,232000.0,200000.0,"[33, 'MXN']",72E648CC-8F45-4264-A2D2-1D70E0E22D01
249,INV/2026/00033,S00039,2026-06-12,"[9, 'Sales']","[1008, 'CENTRAL DE PETREOS, S DE RL']",out_invoice,posted,174000.0,150000.0,"[33, 'MXN']",6A2100AE-DB94-49B0-A637-917C4F690B76
263,CBMX/2026/06/0009,INV/2026/00036,2026-06-12,"[16, 'Effectively Paid']",False,entry,posted,116000.0,0.0,"[33, 'MXN']",False
255,CBMX/2026/06/0008,INV/2026/00035,2026-06-12,"[16, 'Effectively Paid']",False,entry,posted,324800.0,0.0,"[33, 'MXN']",False
251,CBMX/2026/06/0007,INV/2026/00033,2026-06-12,"[16, 'Effectively Paid']",False,entry,posted,174000.0,0.0,"[33, 'MXN']",False
266,BILL1/2026/06/0004,Capacitacion motacargas,2026-06-12,"[91, 'GASTOS']","[56, 'Celi Viviana Morales Contreras']",in_receipt,posted,5000.0,4310.34,"[33, 'MXN']",False
265,BILL1/2026/06/0003,Capacitacion motacargas,2026-06-12,"[91, 'GASTOS']","[56, 'Celi Viviana Morales Contreras']",in_receipt,cancel,5000.0,4310.34,"[33, 'MXN']",False
264,BILL1/2026/06/0002,1 PAQUETERIA,2026-06-12,"[91, 'GASTOS']","[56, 'Celi Viviana Morales Contreras']",in_receipt,cancel,5410.72,4664.41,"[33, 'MXN']",False
260,BILL1/2026/06/0001,1 PAQUETERIA,2026-06-12,"[91, 'GASTOS']","[56, 'Celi Viviana Morales Contreras']",in_invoice,cancel,5410.72,5410.72,"[33, 'MXN']",False
234,FACTU/2026/06/0002,[1 AMB] Ambiental TMM1,2026-06-11,"[10, 'Purchases']","[61, 'Jose Erik Conde Gamboa']",in_receipt,posted,500000.0,431034.48,"[33, 'MXN']",False
258,COSTO DE MEXICO,ACTIVIDADES DE INTEGRACION - COMIDA,2026-06-11,"[11, 'Miscellaneous Operations']",False,entry,draft,3571.39,0.0,"[33, 'MXN']",False
246,False,S00038,2026-06-10,"[9, 'Sales']","[5741, 'Grupo Tenerife, S.A. de C.V.']",out_invoice,draft,58000.0,50000.0,"[33, 'MXN']",False
247,PBNK1/2026/00026,ANT/2026/00001,2026-06-10,"[14, 'BBVA CTA.7934 MX']","[5741, 'Grupo Tenerife, S.A. de C.V.']",entry,posted,34800.0,0.0,"[33, 'MXN']",False
242,PBNK1/2026/00025,1 UNIFORMES,2026-06-10,"[14, 'BBVA CTA.7934 MX']","[51, 'Luis Alberto Trujillo Velazquez']",entry,posted,150000.0,0.0,"[33, 'MXN']",False
241,PBNK1/2026/00024,1 UNIFORMES,2026-06-10,"[14, 'BBVA CTA.7934 MX']","[51, 'Luis Alberto Trujillo Velazquez']",entry,draft,150000.0,0.0,"[33, 'MXN']",False
237,FACTU/2026/06/0004,1 UNIFORMES,2026-06-10,"[10, 'Purchases']","[51, 'Luis Alberto Trujillo Velazquez']",in_receipt,posted,150000.0,127931.77,"[33, 'MXN']",False
235,FACTU/2026/06/0003,Papeleria,2026-06-10,"[10, 'Purchases']","[40, 'Tito Toledo Vazquez']",in_receipt,posted,1952.19,1952.19,"[33, 'MXN']",False
248,CBMX/2026/06/0006,ANT/2026/00001,2026-06-10,"[16, 'Effectively Paid']",False,entry,posted,34800.0,0.0,"[33, 'MXN']",False
243,CBMX/2026/06/0005,FACTU/2026/06/0004,2026-06-10,"[16, 'Effectively Paid']",False,entry,posted,148400.85,0.0,"[33, 'MXN']",False
240,CBMX/2026/06/0004,Reversión de: CBMX/2026/06/0003,2026-06-10,"[16, 'Effectively Paid']",False,entry,posted,49466.95,0.0,"[33, 'MXN']",False
239,CBMX/2026/06/0003,FACTU/2026/06/0004,2026-06-10,"[16, 'Effectively Paid']",False,entry,posted,49466.95,0.0,"[33, 'MXN']",False
245,ANT/2026/00001,S00038,2026-06-10,"[38, 'ANTICIPOS']","[5741, 'Grupo Tenerife, S.A. de C.V.']",out_invoice,posted,34800.0,30000.0,"[33, 'MXN']",26155F1C-4B44-43E4-875C-1FEF280D1D8A
236,PBNK1/2026/00023,Papeleria,2026-06-09,"[14, 'BBVA CTA.7934 MX']","[40, 'Tito Toledo Vazquez']",entry,posted,1952.19,0.0,"[33, 'MXN']",False
233,PBNK1/2026/00022,Gasto Linea transportista MULTILOG,2026-06-05,"[14, 'BBVA CTA.7934 MX']","[45, 'Juan Manuel Morales Torres']",entry,posted,47500.0,0.0,"[33, 'MXN']",False
232,FACTU/2026/06/0001,Gasto Linea transportista MULTILOG,2026-06-05,"[10, 'Purchases']","[45, 'Juan Manuel Morales Torres']",in_receipt,posted,47500.0,47500.0,"[33, 'MXN']",False
231,PBNK1/2026/00021,Gasto sin título 05/06/2026,2026-06-04,"[14, 'BBVA CTA.7934 MX']",False,entry,posted,11800.0,0.0,"[33, 'MXN']",False
228,False,S00035,2026-06-02,"[9, 'Sales']","[1099, 'MARMOLES PUENTE S DE RL DE CV']",out_invoice,draft,69600.0,60000.0,"[33, 'MXN']",False
225,PBNK1/2026/00020,INV/2026/00029,2026-06-02,"[14, 'BBVA CTA.7934 MX']","[1099, 'MARMOLES PUENTE S DE RL DE CV']",entry,posted,8120.0,0.0,"[33, 'MXN']",False
222,PBNK1/2026/00019,INV/2026/00028,2026-06-02,"[14, 'BBVA CTA.7934 MX']","[1099, 'MARMOLES PUENTE S DE RL DE CV']",entry,posted,3480.0,0.0,"[33, 'MXN']",False
97,INV/2026/00058,False,2026-06-02,"[28, 'Sales']","[46, 'Carlos Solana']",out_invoice,posted,0.05,0.04,"[1, 'USD']",A86FE4EA-336A-4CD5-856C-C519E8FB9881
220,INV/2026/00057,False,2026-06-02,"[28, 'Sales']","[46, 'Carlos Solana']",out_invoice,posted,1.16,1.0,"[33, 'MXN']",DCDBB87E-5EC1-46DD-9EC2-A27E7198B613
119,INV/2026/00056,False,2026-06-02,"[28, 'Sales']","[46, 'Carlos Solana']",out_invoice,posted,0.07,0.06,"[1, 'USD']",False
230,INV/2026/00032,S00036,2026-06-02,"[9, 'Sales']","[1099, 'MARMOLES PUENTE S DE RL DE CV']",out_invoice,posted,58000.0,50000.0,"[33, 'MXN']",E71D86E5-12DD-48B3-A5BC-AF789FBFC546
229,INV/2026/00031,S00036,2026-06-02,"[9, 'Sales']","[1099, 'MARMOLES PUENTE S DE RL DE CV']",out_invoice,posted,58000.0,50000.0,"[33, 'MXN']",AD9524E6-3B80-4B15-BBD8-21EA12544CDD
227,INV/2026/00030,S00035,2026-06-02,"[9, 'Sales']","[1099, 'MARMOLES PUENTE S DE RL DE CV']",out_invoice,posted,46400.0,40000.0,"[33, 'MXN']",5721ADEB-C3A7-464D-A2EF-5F05C06369DC
224,INV/2026/00029,S00034,2026-06-02,"[9, 'Sales']","[1099, 'MARMOLES PUENTE S DE RL DE CV']",out_invoice,posted,8120.0,7000.0,"[33, 'MXN']",2654607A-3FA5-472C-8374-18359881770C
221,INV/2026/00028,S00034,2026-06-02,"[9, 'Sales']","[1099, 'MARMOLES PUENTE S DE RL DE CV']",out_invoice,posted,3480.0,3000.0,"[33, 'MXN']",D039EE5E-BA1C-42FB-81B1-52F2B4700CDE
226,CBMX/2026/06/0002,INV/2026/00029,2026-06-02,"[16, 'Effectively Paid']",False,entry,posted,8120.0,0.0,"[33, 'MXN']",False
223,CBMX/2026/06/0001,INV/2026/00028,2026-06-02,"[16, 'Effectively Paid']",False,entry,posted,3480.0,0.0,"[33, 'MXN']",False
306,False,AA 190712,2026-05-31,"[10, 'Purchases']","[102, 'Don Procoro Filtros y refacciones']",in_invoice,draft,0.0,0.0,"[33, 'MXN']",False
212,PBNK1/2026/00017,FACTU/2026/05/0003,2026-05-31,"[14, 'BBVA CTA.7934 MX']","[120, 'QUIMICA MEXICANA COMERCIAL']",entry,draft,314.24,0.0,"[33, 'MXN']",False
195,PBNK1/2026/00012,PAPELERIA,2026-05-31,"[14, 'BBVA CTA.7934 MX']","[5976, 'MIGUEL ANGEL SIERRA']",entry,posted,500.0,0.0,"[33, 'MXN']",False
213,CBMX/2026/05/0011,FACTU/2026/05/0003,2026-05-31,"[16, 'Effectively Paid']",False,entry,posted,314.24,0.0,"[33, 'MXN']",False
196,PBNK1/2026/00013,PAPELERIA,2026-05-30,"[14, 'BBVA CTA.7934 MX']","[5976, 'MIGUEL ANGEL SIERRA']",entry,posted,2500.0,0.0,"[33, 'MXN']",False
211,FACTU/2026/05/0003,False,2026-05-30,"[10, 'Purchases']","[120, 'QUIMICA MEXICANA COMERCIAL']",in_invoice,posted,314.24,270.9,"[33, 'MXN']",False
219,False,False,2026-05-29,"[11, 'Miscellaneous Operations']",False,entry,draft,0.0,0.0,"[33, 'MXN']",False
218,False,S00032,2026-05-29,"[9, 'Sales']","[1095, 'MARMOLES ARCA, SAPI DE CV']",out_invoice,draft,82.36,71.0,"[33, 'MXN']",False
215,PBNK1/2026/00018,1 GTS VTS - FLTE,2026-05-29,"[14, 'BBVA CTA.7934 MX']",False,entry,posted,12180.0,0.0,"[33, 'MXN']",False
197,PBNK1/2026/00014,1 CAP PERSONAL - CANACINTRA AYDEE,2026-05-29,"[14, 'BBVA CTA.7934 MX']","[5975, 'CAMARA NACIONAL DE LA INDUSTRIA DE TRANSFORMACION']",entry,posted,2100.0,0.0,"[33, 'MXN']",False
216,MISCE/2026/05/0007,1 GTS VJE - COMIDA MANOLO,2026-05-29,"[11, 'Miscellaneous Operations']",False,entry,posted,1250.0,0.0,"[33, 'MXN']",False
217,INV/2026/00027,S00029,2026-05-29,"[9, 'Sales']","[1099, 'MARMOLES PUENTE S DE RL DE CV']",out_invoice,posted,8000.0,6896.55,"[33, 'MXN']",False
160,False,False,2026-05-27,"[10, 'Purchases']","[96, 'Abrasivos Sola Mex, S.A. de C.V.']",in_invoice,cancel,0.0,0.0,"[33, 'MXN']",False
202,PBNK1/2026/00016,[1 INSUM] Insumos TMM1,2026-05-27,"[14, 'BBVA CTA.7934 MX']","[5977, 'LEONARDO REYES']",entry,posted,2500.0,0.0,"[33, 'MXN']",False
200,PBNK1/2026/00015,ENERGIA ELECTRICA PLANTA 1,2026-05-27,"[14, 'BBVA CTA.7934 MX']",False,entry,posted,458000.0,0.0,"[33, 'MXN']",False
194,PBNK1/2026/00011,1 CAP PERSONAL - CANACINTRA AYDEE,2026-05-27,"[14, 'BBVA CTA.7934 MX']","[5975, 'CAMARA NACIONAL DE LA INDUSTRIA DE TRANSFORMACION']",entry,posted,2100.0,0.0,"[33, 'MXN']",False
187,PBNK1/2026/00010,ING-1,2026-05-27,"[14, 'BBVA CTA.7934 MX']","[1011, 'COMERCIALIZADORA DE PIEDRAS NATURALES SA DE CV']",entry,draft,30000.0,0.0,"[33, 'MXN']",False
182,PBNK1/2026/00009,INV/2026/00022,2026-05-27,"[14, 'BBVA CTA.7934 MX']","[1095, 'MARMOLES ARCA, SAPI DE CV']",entry,draft,57000.0,0.0,"[33, 'MXN']",False
177,PBNK1/2026/00008,INV/2026/00019,2026-05-27,"[14, 'BBVA CTA.7934 MX']","[1099, 'MARMOLES PUENTE S DE RL DE CV']",entry,posted,50000.0,0.0,"[33, 'MXN']",False
171,PBNK1/2026/00007,1 GTS VJE - GASOLINA MANUEL 27/05/2026,2026-05-27,"[14, 'BBVA CTA.7934 MX']",False,entry,draft,1115.42,0.0,"[33, 'MXN']",False
167,PBNK1/2026/00006,3FE4A248358043AFBE586BF18982F76A,2026-05-27,"[14, 'BBVA CTA.7934 MX']","[118, 'POLIFORMAS PLASTICAS']",entry,posted,15885.88,0.0,"[33, 'MXN']",False
162,PBNK1/2026/00005,FACTU/2026/05/0001,2026-05-27,"[14, 'BBVA CTA.7934 MX']","[96, 'Abrasivos Sola Mex, S.A. de C.V.']",entry,posted,3770.93,0.0,"[33, 'MXN']",False
118,INV/2026/00055,False,2026-05-27,"[28, 'Sales']","[46, 'Carlos Solana']",out_invoice,posted,0.07,0.06,"[1, 'USD']",0A5F3CB9-596D-4964-9C6A-0A80D4BE5DB8
191,INV/2026/00026,S00028,2026-05-27,"[9, 'Sales']","[1631, 'MARMOLES TRES HERMANOS, Domingo Ojeda']",out_invoice,posted,30000.0,30000.0,"[33, 'MXN']",False
190,INV/2026/00025,S00028,2026-05-27,"[9, 'Sales']","[1631, 'MARMOLES TRES HERMANOS, Domingo Ojeda']",out_invoice,posted,600000.0,600000.0,"[33, 'MXN']",False
189,INV/2026/00024,S00027,2026-05-27,"[9, 'Sales']","[1011, 'COMERCIALIZADORA DE PIEDRAS NATURALES SA DE CV']",out_invoice,posted,434000.0,374137.93,"[33, 'MXN']",F4BDDE93-51EE-4A18-8492-27AC3F3F11F0
186,INV/2026/00023,S00027,2026-05-27,"[9, 'Sales']","[1011, 'COMERCIALIZADORA DE PIEDRAS NATURALES SA DE CV']",out_invoice,posted,30000.0,25862.07,"[33, 'MXN']",3A41C336-44CC-451E-B000-BB235159C066
181,INV/2026/00022,S00026,2026-05-27,"[9, 'Sales']","[1095, 'MARMOLES ARCA, SAPI DE CV']",out_invoice,posted,57000.0,49137.93,"[33, 'MXN']",B18F3275-3CF6-4721-A2B9-D39D671D9C8F
180,INV/2026/00021,S00026,2026-05-27,"[9, 'Sales']","[1095, 'MARMOLES ARCA, SAPI DE CV']",out_invoice,posted,30000.0,25862.07,"[33, 'MXN']",3375B7DE-16BA-4939-A805-991DB294F6CB
179,INV/2026/00020,S00024,2026-05-27,"[9, 'Sales']","[1099, 'MARMOLES PUENTE S DE RL DE CV']",out_invoice,posted,126400.0,108965.52,"[33, 'MXN']",BEF317C2-E82A-4D96-862E-4FF473F5C259
175,INV/2026/00019,S00024,2026-05-27,"[9, 'Sales']","[1099, 'MARMOLES PUENTE S DE RL DE CV']",out_invoice,posted,50000.0,43103.45,"[33, 'MXN']",2F4DBEFE-4DF7-452C-935C-639F5E62B11B
174,INV/2026/00018,S00024,2026-05-27,"[9, 'Sales']","[1099, 'MARMOLES PUENTE S DE RL DE CV']",out_invoice,posted,104400.0,90000.0,"[33, 'MXN']",B34F2DE6-1F76-4093-8B38-9BE33B69EE5E
173,INV/2026/00017,S00023,2026-05-27,"[9, 'Sales']","[1095, 'MARMOLES ARCA, SAPI DE CV']",out_invoice,posted,406000.0,350000.0,"[33, 'MXN']",44E0390F-D639-467D-8011-D551096ABFFC
164,FACTU/2026/05/0002,bb1162e9-2538-40e6-8ccadc5dedb57bde,2026-05-27,"[10, 'Purchases']","[118, 'POLIFORMAS PLASTICAS']",in_invoice,posted,15885.88,13694.72,"[33, 'MXN']",False
161,FACTU/2026/05/0001,False,2026-05-27,"[10, 'Purchases']","[96, 'Abrasivos Sola Mex, S.A. de C.V.']",in_invoice,posted,3770.93,3250.8,"[33, 'MXN']",False
188,CBMX/2026/05/0010,INV/2026/00023,2026-05-27,"[16, 'Effectively Paid']",False,entry,posted,30000.0,0.0,"[33, 'MXN']",False
184,CBMX/2026/05/0009,Reversión de: CBMX/2026/05/0008,2026-05-27,"[16, 'Effectively Paid']",False,entry,posted,57000.0,0.0,"[33, 'MXN']",False
183,CBMX/2026/05/0008,INV/2026/00022,2026-05-27,"[16, 'Effectively Paid']",False,entry,posted,57000.0,0.0,"[33, 'MXN']",False
178,CBMX/2026/05/0007,INV/2026/00019,2026-05-27,"[16, 'Effectively Paid']",False,entry,posted,50000.0,0.0,"[33, 'MXN']",False
168,CBMX/2026/05/0006,FACTU/2026/05/0002,2026-05-27,"[16, 'Effectively Paid']",False,entry,posted,15885.88,0.0,"[33, 'MXN']",False
163,CBMX/2026/05/0005,FACTU/2026/05/0001,2026-05-27,"[16, 'Effectively Paid']",False,entry,posted,3770.93,0.0,"[33, 'MXN']",False
152,INV/2026/00014,False,2026-05-26,"[9, 'Sales']","[5751, 'Piedras el tiron, Jose Dadivas']",out_invoice,posted,26274.0,22650.0,"[33, 'MXN']",E19F6D3E-BB21-44CA-AA29-DDBF0A50801B
147,False,False,2026-05-25,"[9, 'Sales']","[5751, 'Piedras el tiron, Jose Dadivas']",out_invoice,draft,0.0,0.0,"[33, 'MXN']",False
148,INV/2026/00012,False,2026-05-25,"[9, 'Sales']","[5750, 'Piedras el tiron']",out_invoice,posted,3129.68,2698.0,"[33, 'MXN']",A8E1EF06-25EA-4895-A8AD-692A334BA24D
136,False,Reversión de: INV/2026/00009,2026-05-22,"[38, 'ANTICIPOS']","[5742, 'Mármoles y servicios del Norte']",out_refund,cancel,104400.0,90000.0,"[33, 'MXN']",False
137,RINV/2026/00001,"Reversión de: INV/2026/00008, Devolucion",2026-05-22,"[9, 'Sales']","[5751, 'Piedras el tiron, Jose Dadivas']",out_refund,cancel,29116.0,25100.0,"[33, 'MXN']",False
158,PBNK1/2026/00004,INV/2026/00016,2026-05-22,"[14, 'BBVA CTA.7934 MX']","[5745, 'MARMOLES PICAPIEDRA']",entry,posted,12354.0,0.0,"[33, 'MXN']",False
154,PBNK1/2026/00003,False,2026-05-22,"[14, 'BBVA CTA.7934 MX']","[5750, 'Piedras el tiron']",entry,posted,15000.0,0.0,"[33, 'MXN']",False
133,PBNK1/2026/00002,INV/2026/00008,2026-05-22,"[14, 'BBVA CTA.7934 MX']","[5750, 'Piedras el tiron']",entry,posted,29116.0,0.0,"[33, 'MXN']",False
157,INV/2026/00016,False,2026-05-22,"[9, 'Sales']","[5745, 'MARMOLES PICAPIEDRA']",out_invoice,posted,12354.0,10650.0,"[33, 'MXN']",4E944463-8D34-4F1A-9627-FBD5FD430703
156,INV/2026/00015,S00021,2026-05-22,"[9, 'Sales']","[5745, 'MARMOLES PICAPIEDRA']",out_invoice,posted,15080.0,13000.0,"[33, 'MXN']",14CA34BE-CFC3-4C8D-9B3C-C47C93311F8B
151,INV/2026/00013,False,2026-05-22,"[9, 'Sales']","[5746, 'Mármoles Pedro Pica Piedra']",out_invoice,posted,11600.0,10000.0,"[33, 'MXN']",False
140,INV/2026/00011,False,2026-05-22,"[9, 'Sales']","[5746, 'Mármoles Pedro Pica Piedra']",out_invoice,posted,31436.0,27100.0,"[33, 'MXN']",8651D390-E4D5-4C0A-AC9D-0CFBF2D18CCC
125,INV/2026/00010,S00011,2026-05-22,"[9, 'Sales']","[5746, 'Mármoles Pedro Pica Piedra']",out_invoice,posted,31436.0,27100.0,"[33, 'MXN']",62C3BE29-0F80-485F-AF5C-F7636CA02555
123,INV/2026/00009,S00016,2026-05-22,"[9, 'Sales']","[5742, 'Mármoles y servicios del Norte']",out_invoice,posted,104400.0,90000.0,"[33, 'MXN']",False
122,INV/2026/00008,S00013,2026-05-22,"[9, 'Sales']","[5751, 'Piedras el tiron, Jose Dadivas']",out_invoice,posted,29116.0,25100.0,"[33, 'MXN']",A8EDA3B6-6FBB-481F-B8F0-539AECF4040A
121,INV/2026/00007,S00009,2026-05-22,"[9, 'Sales']","[5741, 'Grupo Tenerife, S.A. de C.V.']",out_invoice,posted,17606.0,15350.0,"[33, 'MXN']",False
159,CBMX/2026/05/0004,INV/2026/00016,2026-05-22,"[16, 'Effectively Paid']",False,entry,posted,12354.0,0.0,"[33, 'MXN']",False
155,CBMX/2026/05/0003,INV/2026/00008,2026-05-22,"[16, 'Effectively Paid']",False,entry,posted,29116.0,0.0,"[33, 'MXN']",False
138,CBMX/2026/05/0002,Reversión de: CBMX/2026/05/0001,2026-05-22,"[16, 'Effectively Paid']",False,entry,posted,29116.0,0.0,"[33, 'MXN']",False
134,CBMX/2026/05/0001,INV/2026/00008,2026-05-22,"[16, 'Effectively Paid']",False,entry,posted,29116.0,0.0,"[33, 'MXN']",False
201,MISCE/2026/05/0005,PATRICIA CRUZ PEREZ,2026-05-15,"[11, 'Miscellaneous Operations']",False,entry,posted,170689.65,0.0,"[33, 'MXN']",False
101,INV/2026/00054,False,2026-05-15,"[28, 'Sales']","[46, 'Carlos Solana']",out_invoice,posted,23.2,20.0,"[1, 'USD']",82F9E6D6-EA27-4C06-A045-F7080A6C297D
117,INV/2026/00053,False,2026-05-15,"[28, 'Sales']","[46, 'Carlos Solana']",out_invoice,draft,11.6,10.0,"[1, 'USD']",False
116,INV/2026/00052,False,2026-05-15,"[28, 'Sales']","[46, 'Carlos Solana']",out_invoice,posted,11.6,10.0,"[1, 'USD']",85B1FCA6-052F-4FE1-902D-7306DCD106BE
115,INV/2026/00051,False,2026-05-15,"[28, 'Sales']","[46, 'Carlos Solana']",out_invoice,posted,11.6,10.0,"[1, 'USD']",95FF435C-0D0D-4D5D-A92E-89596BE2D18F
203,MISCE/2026/05/0006,X1 PTVO FILTROS SERVICIOS,2026-05-12,"[11, 'Miscellaneous Operations']",False,entry,posted,12909.99,0.0,"[33, 'MXN']",False
199,MISCE/2026/05/0004,PATRICIA CRUZ PEREZ,2026-05-08,"[11, 'Miscellaneous Operations']",False,entry,posted,209481.43,0.0,"[33, 'MXN']",False
198,MISCE/2026/05/0003,COMISIONES BANCARIAS BANREGIO DOLARES,2026-05-07,"[11, 'Miscellaneous Operations']",False,entry,posted,15.0,0.0,"[33, 'MXN']",False
192,MISCE/2026/05/0002,ASTRO TRANSPORTE DE REFINADOS,2026-05-06,"[11, 'Miscellaneous Operations']",False,entry,posted,14500.0,0.0,"[33, 'MXN']",False
110,PBNK1/2026/00018,pagos carlos solana,2026-05-03,"[80, 'BBVA CTA.7934 MX']","[46, 'Carlos Solana']",entry,posted,4.0,0.0,"[33, 'MXN']",False
105,PBNK1/2026/00017,PAgo de 2 facturas,2026-05-03,"[80, 'BBVA CTA.7934 MX']","[46, 'Carlos Solana']",entry,posted,2.32,0.0,"[33, 'MXN']",False
113,INV/2026/00050,False,2026-05-03,"[28, 'Sales']","[46, 'Carlos Solana']",out_invoice,posted,1.16,1.0,"[33, 'MXN']",False
109,INV/2026/00049,False,2026-05-03,"[28, 'Sales']","[46, 'Carlos Solana']",out_invoice,posted,1.16,1.0,"[33, 'MXN']",596CDC91-DBFF-4FAA-A107-6F66EFCEDBE2
108,INV/2026/00048,False,2026-05-03,"[28, 'Sales']","[46, 'Carlos Solana']",out_invoice,posted,1.16,1.0,"[33, 'MXN']",52673447-8656-4A47-81DC-4C01E1E3A121
104,INV/2026/00047,False,2026-05-03,"[28, 'Sales']","[46, 'Carlos Solana']",out_invoice,posted,1.16,1.0,"[33, 'MXN']",5D6FD083-F786-42FA-8F86-F9B4294BC193
103,INV/2026/00046,False,2026-05-03,"[28, 'Sales']","[46, 'Carlos Solana']",out_invoice,posted,1.16,1.0,"[33, 'MXN']",C2CBFA59-569F-413D-9BA9-43B4DE8C5966
102,INV/2026/00045,False,2026-05-03,"[28, 'Sales']","[5731, 'Decoraciones Avanzadas Dekora S.A.']",out_invoice,posted,85840.0,74000.0,"[1, 'USD']",False
114,CBMX/2026/05/0005,INV/2026/00050,2026-05-03,"[35, 'Effectively Paid']",False,entry,posted,1.16,0.0,"[33, 'MXN']",False
112,CBMX/2026/05/0004,INV/2026/00048,2026-05-03,"[35, 'Effectively Paid']",False,entry,posted,1.16,0.0,"[33, 'MXN']",False
111,CBMX/2026/05/0003,INV/2026/00049,2026-05-03,"[35, 'Effectively Paid']",False,entry,posted,1.16,0.0,"[33, 'MXN']",False
107,CBMX/2026/05/0002,INV/2026/00047,2026-05-03,"[35, 'Effectively Paid']",False,entry,posted,1.16,0.0,"[33, 'MXN']",False
106,CBMX/2026/05/0001,INV/2026/00046,2026-05-03,"[35, 'Effectively Paid']",False,entry,posted,1.16,0.0,"[33, 'MXN']",False
120,MISCE/2026/05/0001,TS,2026-05-01,"[11, 'Miscellaneous Operations']",False,entry,posted,10000.0,0.0,"[33, 'MXN']",False
98,False,False,2026-04-30,"[28, 'Sales']",False,out_invoice,draft,0.0,0.0,"[143, 'GBP']",False
100,INV/2026/00044,False,2026-04-30,"[28, 'Sales']","[46, 'Carlos Solana']",out_invoice,posted,2.3,2.3,"[1, 'USD']",7D349217-0CA7-453A-A43C-7AA1F9C54AB1
99,INV/2026/00043,False,2026-04-30,"[28, 'Sales']","[46, 'Carlos Solana']",out_invoice,posted,2.3,2.3,"[1, 'USD']",C0E808F9-1820-40D1-A797-E7ACACD87EAC
94,PBNK1/2026/00016,INV/2026/00042,2026-04-29,"[80, 'BBVA CTA.7934 MX']","[46, 'Carlos Solana']",entry,posted,100.0,0.0,"[125, 'EUR']",False
81,INV/2026/00042,False,2026-04-29,"[28, 'Sales']","[46, 'Carlos Solana']",out_invoice,draft,100.0,100.0,"[1, 'USD']",False
96,CAMBI/2026/04/0002,Reversión de: CAMBI/2026/04/0001,2026-04-29,"[31, 'Exchange Difference']",False,entry,posted,0.0,0.0,"[33, 'MXN']",False
95,CAMBI/2026/04/0001,False,2026-04-29,"[31, 'Exchange Difference']",False,entry,posted,0.0,0.0,"[33, 'MXN']",False
77,False,False,2026-04-27,"[28, 'Sales']","[46, 'Carlos Solana']",out_invoice,cancel,0.0,0.0,"[33, 'MXN']",False
76,False,False,2026-04-27,"[28, 'Sales']","[46, 'Carlos Solana']",out_invoice,draft,0.0,0.0,"[125, 'EUR']",False
75,False,False,2026-04-27,"[28, 'Sales']","[46, 'Carlos Solana']",out_invoice,draft,0.0,0.0,"[125, 'EUR']",False
79,PBNK1/2026/00015,INV/2026/00040,2026-04-27,"[80, 'BBVA CTA.7934 MX']","[46, 'Carlos Solana']",entry,posted,100.0,0.0,"[33, 'MXN']",False
88,PBNK1/2026/00001,False,2026-04-27,"[14, 'BBVA CTA.7934 MX']","[127, 'Africam Safari, francisco.fernandez@novucentral.com']",entry,posted,100000.0,0.0,"[33, 'MXN']",False
80,INV/2026/00041,False,2026-04-27,"[28, 'Sales']","[46, 'Carlos Solana']",out_invoice,posted,30.0,30.0,"[33, 'MXN']",C0C0E36A-5DAC-44F4-ADF0-134F4D68EEC5
78,INV/2026/00040,False,2026-04-27,"[28, 'Sales']","[46, 'Carlos Solana']",out_invoice,posted,100.0,100.0,"[33, 'MXN']",6FF21B38-0D34-487F-984C-F57A516984FA
93,INV/2026/00006,False,2026-04-27,"[9, 'Sales']","[127, 'Africam Safari, francisco.fernandez@novucentral.com']",out_invoice,posted,6438.0,5550.0,"[33, 'MXN']",False
92,INV/2026/00005,False,2026-04-27,"[9, 'Sales']","[127, 'Africam Safari, francisco.fernandez@novucentral.com']",out_invoice,posted,174000.0,150000.0,"[33, 'MXN']",False
87,INV/2026/00004,False,2026-04-27,"[9, 'Sales']","[127, 'Africam Safari, francisco.fernandez@novucentral.com']",out_invoice,posted,6960.0,6000.0,"[33, 'MXN']",False
85,INV/2026/00003,False,2026-04-27,"[9, 'Sales']","[5502, 'Adolfo Gerardo Casas Casas']",out_invoice,posted,6960.0,6000.0,"[33, 'MXN']",E510412B-DDFA-4A35-9EE4-80FC01BD7413
84,INV/2026/00002,S00005,2026-04-27,"[9, 'Sales']","[127, 'Africam Safari, francisco.fernandez@novucentral.com']",out_invoice,posted,4938.0,4256.9,"[33, 'MXN']",74FA9DD5-9FAE-4954-8DA9-19A8BBD53FA5
83,INV/2026/00001,S00005,2026-04-27,"[9, 'Sales']","[127, 'Africam Safari, francisco.fernandez@novucentral.com']",out_invoice,posted,1500.0,1293.1,"[33, 'MXN']",6C0D7B5A-D82F-4272-9AFA-B9B048005259
91,CBMX/2026/04/0003,INV/2026/00004,2026-04-27,"[16, 'Effectively Paid']",False,entry,posted,6960.0,0.0,"[33, 'MXN']",False
90,CBMX/2026/04/0002,INV/2026/00002,2026-04-27,"[16, 'Effectively Paid']",False,entry,posted,4938.0,0.0,"[33, 'MXN']",False
89,CBMX/2026/04/0001,INV/2026/00001,2026-04-27,"[16, 'Effectively Paid']",False,entry,posted,1500.0,0.0,"[33, 'MXN']",False
67,False,False,2026-04-22,"[28, 'Sales']","[46, 'Carlos Solana']",out_invoice,cancel,100.0,100.0,"[33, 'MXN']",False
66,False,False,2026-04-22,"[28, 'Sales']","[46, 'Carlos Solana']",out_invoice,cancel,100.0,100.0,"[33, 'MXN']",False
63,False,False,2026-04-22,"[28, 'Sales']","[46, 'Carlos Solana']",out_invoice,draft,40.0,40.0,"[33, 'MXN']",False
69,PBNK1/2026/00014,INV/2026/00036,2026-04-22,"[80, 'BBVA CTA.7934 MX']","[46, 'Carlos Solana']",entry,posted,100.0,0.0,"[33, 'MXN']",False
65,PBNK1/2026/00013,INV/2026/00035,2026-04-22,"[80, 'BBVA CTA.7934 MX']","[46, 'Carlos Solana']",entry,posted,100.0,0.0,"[33, 'MXN']",False
72,INV/2026/00039,False,2026-04-22,"[28, 'Sales']","[46, 'Carlos Solana']",out_invoice,posted,0.0,0.0,"[33, 'MXN']",795C3679-1363-46D7-A7EA-2C0CED404270
71,INV/2026/00038,False,2026-04-22,"[28, 'Sales']","[46, 'Carlos Solana']",out_invoice,posted,100.0,100.0,"[33, 'MXN']",35345A38-BAEC-4756-88B3-C9A02A815883
70,INV/2026/00037,False,2026-04-22,"[28, 'Sales']","[46, 'Carlos Solana']",out_invoice,posted,0.0,0.0,"[33, 'MXN']",173E8678-5B1C-4034-8867-1CC3460B0D12
68,INV/2026/00036,False,2026-04-22,"[28, 'Sales']","[46, 'Carlos Solana']",out_invoice,posted,100.0,100.0,"[33, 'MXN']",5A63F47F-88F2-4504-8F3E-F88061A93DEE
64,INV/2026/00035,False,2026-04-22,"[28, 'Sales']","[46, 'Carlos Solana']",out_invoice,posted,100.0,100.0,"[33, 'MXN']",0CB05A2B-DC6B-4BE9-910F-384D1156C6CC
62,INV/2026/00034,False,2026-04-22,"[28, 'Sales']","[46, 'Carlos Solana']",out_invoice,posted,0.0,0.0,"[33, 'MXN']",6FA2C1C5-0881-4B53-809F-0D649AB31646
51,RINV/2026/00003,S00002,2026-04-21,"[28, 'Sales']","[5723, 'Aldo Rafael Mendez Carpinteyro']",out_refund,posted,20.0,20.0,"[33, 'MXN']",FCAF783D-FD42-414B-9588-BFCB55881230
61,PBNK1/2026/00012,INV/2026/00033,2026-04-21,"[80, 'BBVA CTA.7934 MX']","[46, 'Carlos Solana']",entry,posted,100.0,0.0,"[33, 'MXN']",False
58,PBNK1/2026/00011,INV/2026/00031,2026-04-21,"[80, 'BBVA CTA.7934 MX']","[46, 'Carlos Solana']",entry,posted,100.0,0.0,"[33, 'MXN']",False
56,PBNK1/2026/00010,INV/2026/00030,2026-04-21,"[80, 'BBVA CTA.7934 MX']","[46, 'Carlos Solana']",entry,posted,100.0,0.0,"[33, 'MXN']",False
54,PBNK1/2026/00009,INV/2026/00029,2026-04-21,"[80, 'BBVA CTA.7934 MX']","[46, 'Carlos Solana']",entry,posted,100.0,0.0,"[33, 'MXN']",False
60,INV/2026/00033,False,2026-04-21,"[28, 'Sales']","[46, 'Carlos Solana']",out_invoice,posted,100.0,100.0,"[33, 'MXN']",896CCABA-62D3-4736-9CD9-FC8E6BC629E0
59,INV/2026/00032,False,2026-04-21,"[28, 'Sales']","[46, 'Carlos Solana']",out_invoice,posted,100.0,100.0,"[33, 'MXN']",731A32CB-820C-4296-8C2F-4BDEEEA9BD37
57,INV/2026/00031,False,2026-04-21,"[28, 'Sales']","[46, 'Carlos Solana']",out_invoice,posted,100.0,100.0,"[33, 'MXN']",8E48C39A-E4DA-4D2A-979C-97B26E4B118F
55,INV/2026/00030,False,2026-04-21,"[28, 'Sales']","[46, 'Carlos Solana']",out_invoice,posted,100.0,100.0,"[33, 'MXN']",00C22CA1-789B-4D58-9126-8B143B81FA5D
53,INV/2026/00029,False,2026-04-21,"[28, 'Sales']","[46, 'Carlos Solana']",out_invoice,posted,100.0,100.0,"[33, 'MXN']",B24435DE-43B4-4B0F-AB71-E00D138DC9A4
39,INV/2026/00028,False,2026-04-21,"[28, 'Sales']","[46, 'Carlos Solana']",out_invoice,posted,15.0,15.0,"[33, 'MXN']",DD3E0E48-0077-4502-B9A2-3DFF0B78DB0F
52,INV/2026/00027,False,2026-04-21,"[28, 'Sales']","[46, 'Carlos Solana']",out_invoice,posted,100.0,100.0,"[33, 'MXN']",D9AB2818-3032-47F3-AE3C-A9B7A5491189
48,False,False,2026-04-20,"[28, 'Sales']","[46, 'Carlos Solana']",out_invoice,draft,120.0,120.0,"[33, 'MXN']",False
46,False,False,2026-04-20,"[28, 'Sales']","[46, 'Carlos Solana']",out_invoice,draft,100.0,100.0,"[33, 'MXN']",False
45,False,False,2026-04-20,"[28, 'Sales']","[46, 'Carlos Solana']",out_invoice,draft,100.0,100.0,"[33, 'MXN']",False
36,PBNK1/2026/00008,INV/2026/00016,2026-04-20,"[80, 'BBVA CTA.7934 MX']","[46, 'Carlos Solana']",entry,posted,30.0,0.0,"[33, 'MXN']",False
50,INV/2026/00026,False,2026-04-20,"[28, 'Sales']","[46, 'Carlos Solana']",out_invoice,posted,0.0,0.0,"[33, 'MXN']",False
49,INV/2026/00025,False,2026-04-20,"[28, 'Sales']","[46, 'Carlos Solana']",out_invoice,posted,0.0,0.0,"[33, 'MXN']",False
47,INV/2026/00024,False,2026-04-20,"[28, 'Sales']","[46, 'Carlos Solana']",out_invoice,posted,100.0,100.0,"[33, 'MXN']",False
44,INV/2026/00023,False,2026-04-20,"[28, 'Sales']","[46, 'Carlos Solana']",out_invoice,posted,100.0,100.0,"[33, 'MXN']",8FE17305-E551-449A-9735-B06DE322FCB2
43,INV/2026/00022,False,2026-04-20,"[28, 'Sales']","[46, 'Carlos Solana']",out_invoice,posted,100.0,100.0,"[33, 'MXN']",2D3FE8E3-1E82-46A0-ABC4-239ECEE324EB
40,INV/2026/00021,False,2026-04-20,"[28, 'Sales']","[46, 'Carlos Solana']",out_invoice,draft,10.0,10.0,"[33, 'MXN']",False
42,INV/2026/00020,False,2026-04-20,"[28, 'Sales']","[46, 'Carlos Solana']",out_invoice,posted,60.0,60.0,"[33, 'MXN']",4F8EB770-5630-45DB-8A02-3F6CC6644062
41,INV/2026/00019,False,2026-04-20,"[28, 'Sales']","[46, 'Carlos Solana']",out_invoice,posted,30.0,30.0,"[33, 'MXN']",1948F641-0F71-41A2-BF35-6644CCFC3FA3
38,INV/2026/00018,False,2026-04-20,"[28, 'Sales']","[46, 'Carlos Solana']",out_invoice,posted,65.0,65.0,"[33, 'MXN']",404CCD62-EACE-49DD-B11C-941A332CAEF4
37,INV/2026/00017,False,2026-04-20,"[28, 'Sales']","[46, 'Carlos Solana']",out_invoice,posted,75.0,75.0,"[33, 'MXN']",AECACB5E-BBD1-4EBF-AE30-8DB2FBB616CC
35,INV/2026/00016,False,2026-04-20,"[28, 'Sales']","[46, 'Carlos Solana']",out_invoice,posted,30.0,30.0,"[33, 'MXN']",4CB7B350-9864-4A7B-BFB2-5DAF8B0A8539
34,INV/2026/00015,False,2026-04-20,"[28, 'Sales']","[46, 'Carlos Solana']",out_invoice,posted,30.0,30.0,"[33, 'MXN']",2CFB77C0-ADAF-471E-BFEF-21FD4B589DB2
33,INV/2026/00014,False,2026-04-20,"[28, 'Sales']","[46, 'Carlos Solana']",out_invoice,posted,0.0,0.0,"[33, 'MXN']",False
32,INV/2026/00013,False,2026-04-20,"[28, 'Sales']","[46, 'Carlos Solana']",out_invoice,posted,30.0,30.0,"[33, 'MXN']",False
31,INV/2026/00012,False,2026-04-20,"[28, 'Sales']","[46, 'Carlos Solana']",out_invoice,posted,30.0,30.0,"[33, 'MXN']",False
29,INV/2026/00011,False,2026-04-20,"[28, 'Sales']","[46, 'Carlos Solana']",out_invoice,posted,20.0,20.0,"[33, 'MXN']",CC266436-7DFF-489D-8D73-2F67C6477853
25,False,False,2026-04-19,"[28, 'Sales']","[46, 'Carlos Solana']",out_invoice,draft,15.0,15.0,"[33, 'MXN']",False
27,PBNK1/2026/00007,INV/2026/00009,2026-04-19,"[80, 'BBVA CTA.7934 MX']","[46, 'Carlos Solana']",entry,posted,20.0,0.0,"[33, 'MXN']",False
28,INV/2026/00010,False,2026-04-19,"[28, 'Sales']","[63, 'Alexis Huey Rosas']",out_invoice,posted,22.0,22.0,"[33, 'MXN']",False
26,INV/2026/00009,False,2026-04-19,"[28, 'Sales']","[46, 'Carlos Solana']",out_invoice,posted,60.0,60.0,"[33, 'MXN']",AF4FEBA0-1058-4D6E-8DB7-BBA7521935B3
24,PBNK1/2026/00006,INV/2026/00006,2026-04-16,"[80, 'BBVA CTA.7934 MX']","[46, 'Carlos Solana']",entry,posted,15.0,0.0,"[33, 'MXN']",False
23,INV/2026/00008,False,2026-04-16,"[28, 'Sales']","[46, 'Carlos Solana']",out_invoice,posted,20.0,20.0,"[33, 'MXN']",False
17,RINV/2026/00002,S00004,2026-04-15,"[28, 'Sales']","[63, 'Alexis Huey Rosas']",out_refund,posted,58.0,58.0,"[33, 'MXN']",F12802C6-48EB-4F7E-B90F-7B89057E961F
12,RINV/2026/00001,S00003,2026-04-15,"[28, 'Sales']","[66, 'Alejandra Sierra Gonzalez']",out_refund,posted,40.0,40.0,"[33, 'MXN']",False
16,PBNK1/2026/00005,INV/2026/00005,2026-04-15,"[80, 'BBVA CTA.7934 MX']","[63, 'Alexis Huey Rosas']",entry,posted,22.0,0.0,"[33, 'MXN']",False
14,PBNK1/2026/00004,INV/2026/00004,2026-04-15,"[80, 'BBVA CTA.7934 MX']","[63, 'Alexis Huey Rosas']",entry,posted,36.0,0.0,"[33, 'MXN']",False
11,PBNK1/2026/00003,INV/2026/00002,2026-04-15,"[80, 'BBVA CTA.7934 MX']","[66, 'Alejandra Sierra Gonzalez']",entry,posted,16.0,0.0,"[33, 'MXN']",False
10,PBNK1/2026/00002,INV/2026/00003,2026-04-15,"[80, 'BBVA CTA.7934 MX']","[66, 'Alejandra Sierra Gonzalez']",entry,posted,24.0,0.0,"[33, 'MXN']",False
22,INV/2026/00007,False,2026-04-15,"[28, 'Sales']","[46, 'Carlos Solana']",out_invoice,posted,10.0,10.0,"[33, 'MXN']",False
18,INV/2026/00006,False,2026-04-15,"[28, 'Sales']","[46, 'Carlos Solana']",out_invoice,posted,15.0,15.0,"[33, 'MXN']",8C4C68A7-AA06-450E-8227-884A4FBCF485
15,INV/2026/00005,S00004,2026-04-15,"[28, 'Sales']","[63, 'Alexis Huey Rosas']",out_invoice,posted,22.0,22.0,"[33, 'MXN']",2EBCBCEE-64F1-4E82-AF53-80B189C32199
13,INV/2026/00004,S00004,2026-04-15,"[28, 'Sales']","[63, 'Alexis Huey Rosas']",out_invoice,posted,36.0,36.0,"[33, 'MXN']",F83B297C-14ED-41DA-AA63-4CE5C66D81C7
9,INV/2026/00003,S00003,2026-04-15,"[28, 'Sales']","[66, 'Alejandra Sierra Gonzalez']",out_invoice,posted,24.0,24.0,"[33, 'MXN']",False
8,INV/2026/00002,S00003,2026-04-15,"[28, 'Sales']","[66, 'Alejandra Sierra Gonzalez']",out_invoice,posted,16.0,16.0,"[33, 'MXN']",False
7,PBNK1/2026/00001,INV/2026/00001,2026-04-14,"[80, 'BBVA CTA.7934 MX']","[5723, 'Aldo Rafael Mendez Carpinteyro']",entry,posted,20.0,0.0,"[33, 'MXN']",False
6,INV/2026/00001,S00002,2026-04-14,"[28, 'Sales']","[5723, 'Aldo Rafael Mendez Carpinteyro']",out_invoice,posted,20.0,20.0,"[33, 'MXN']",38EE6C9E-93E9-4B9C-84AB-52811263DEBA
5,False,S00001,2026-04-08,"[9, 'Sales']","[5571, 'Abel Cruz Rojas']",out_invoice,draft,24.36,21.0,"[33, 'MXN']",False
210,MISCE/2026/02/0001,TRASPASO ENTRE CUENTAS,2026-02-15,"[11, 'Miscellaneous Operations']",False,entry,posted,15000.0,0.0,"[33, 'MXN']",False
209,MISCE/2026/01/0001,SALDOS INICIALES,2026-01-01,"[11, 'Miscellaneous Operations']",False,entry,posted,1085000.0,0.0,"[33, 'MXN']",False
4,False,False,2025-11-28,"[10, 'Purchases']",False,in_invoice,draft,0.0,0.0,"[33, 'MXN']",False
